Source,Term,p-value,Genes in Term,Total Genes,Description,Gene Ratio
GO:MF,"oxidoreductase activity, acting on the CH-OH group of donors, NAD or NADP as acceptor",0.001820507,6,6585,"""Catalysis of an oxidation-reduction (redox) reaction in which a CH-OH group acts as a hydrogen or electron donor and reduces NAD+ or NADP."" [EC:1.1.1.-]",0.000911162
GO:BP,monocarboxylic acid metabolic process,0.002122731,8,6576,"""The chemical reactions and pathways involving monocarboxylic acids, any organic acid containing one carboxyl (COOH) group or anion (COO-)."" [GOC:vk]",0.001216545
GO:MF,"oxidoreductase activity, acting on CH-OH group of donors",0.002520638,6,6585,"""Catalysis of an oxidation-reduction (redox) reaction in which a CH-OH group act as a hydrogen or electron donor and reduces a hydrogen or electron acceptor."" [GOC:ai]",0.000911162
GO:MF,oxidoreductase activity,0.003339556,10,6585,"""Catalysis of an oxidation-reduction (redox) reaction, a reversible chemical reaction in which the oxidation state of an atom or atoms within a molecule is altered. One substrate acts as a hydrogen or electron donor and becomes oxidized, while the other acts as hydrogen or electron acceptor and becomes reduced."" [EC:1.-.-.-]",0.001518603
GO:BP,carboxylic acid catabolic process,0.005690223,6,6576,"""The chemical reactions and pathways resulting in the breakdown of carboxylic acids, any organic acid containing one or more carboxyl (-COOH) groups."" [ISBN:0198506732]",0.000912409
GO:BP,organic acid catabolic process,0.006049961,6,6576,"""The chemical reactions and pathways resulting in the breakdown of organic acids, any acidic compound containing carbon in covalent linkage."" [ISBN:0198506732]",0.000912409
GO:BP,small molecule catabolic process,0.006659836,7,6576,"""The chemical reactions and pathways resulting in the breakdown of small molecules, any low molecular weight, monomeric, non-encoded molecule."" [GOC:curators, GOC:vw]",0.001064477
GO:BP,carboxylic acid metabolic process,0.013733513,10,6576,"""The chemical reactions and pathways involving carboxylic acids, any organic acid containing one or more carboxyl (COOH) groups or anions (COO-)."" [ISBN:0198506732]",0.001520681
