Factor,subunit,Gene ,Systematic name
eIF1,1,SUI1 ,YNL244C
eIF1A,1,TIF11,YMR260C
eIF2,alpha,SUI2,YJR007W
eIF2,beta,SUI3,YPL237W
eIF2,gamma ,GCD11,YER025W
eIF2B,alpha,GCN3,YKR026C
eIF2B,beta,GCD7,YLR291C
eIF2B,gamma,GCD1,YOR260W
eIF2B,delta,GCD2,YGR083C
eIF2B,omega ,GCD6,YDR211W
eIF3,a,TIF32,YBR079C
eIF3,b,PRT1,YOR361C
eIF3,c,NIP1,YMR309C
eIF3,g,TIF35,YDR429C
eIF3,i ,TIF34,YMR146C
eIF3,j,HCR1,YLR192C
eIF4A,1,TIF1,YKR059W
eIF4A,2,TIF2,YJL138C
eIF4B,1,TIF3,YPR163C
eIF4E,1,CDC33,YOL139C
eIF4G,1,TIF4631,YGR162W
eIF4G,2,TIF4632,YGL049C
eIF5,1,TIF5,YPR041W
eIF5B,1,FUN12,AL035W

